order_id,amount,device,is_fraud
fd847d1f-cd3b-4398-a0c2-21383de9071c,407.1,desktop,0
76668cc9-6430-473f-bec0-096635ca96ec,171.92,desktop,0
73e309d1-b7bc-486b-bf33-a0ab63358de5,203.89,desktop,0
38ab35ec-41cd-4782-afbc-4755e0fc9fdf,309.07,desktop,0
c4b41b9b-dc4c-4713-97ef-55858424eaf4,426.66,desktop,0
7bd5cc27-c439-4b2e-b966-15145076ce5e,135.01,mobile,0
b6538a57-0ae1-4481-b28c-897084a7e2e7,279.82,mobile,0
e7cbe934-5191-48c2-91a0-60e65980b9f7,95.13,mobile,0
dcb90ed0-da63-4b8c-8544-7135043ab621,99.72,mobile,0
9d2157b3-1ac3-407b-9482-c11fc9dcaa54,494.01,desktop,0
fe78b41a-4ee5-4c8b-85ab-fea4eb418f10,476.7,mobile,0
498501aa-f68b-4ce3-82cd-eead8245aeb8,474.57,desktop,0
7d6dcdd2-1514-4830-ae04-967782e77542,321.86,desktop,0
057978c8-cc0b-4cc6-819a-11f8f1457feb,339.27,mobile,0
547eb4ae-d4ee-4c2b-a3e0-ff18f27c133d,80.75,desktop,0
f7737b47-2e3e-462f-9bc5-97f353ba79ca,498.7,mobile,0
4d7ff259-19b7-4e62-88c1-ea8f02b73344,75.23,desktop,0
0cc7b399-ef90-47ff-a055-488be1ee3128,84.58,desktop,0
e5c7f374-5c3b-41d4-a777-dad7accadfb3,241.68,mobile,0
4c49f333-5736-4bd9-8b3f-ab7172ec6979,498.73,mobile,0
cdbf57c6-d8fa-4bc0-9089-ee5711f6959d,21.04,desktop,0
8955627e-5816-41a0-98b2-218a5f55bbbc,36.36,mobile,0
027367e8-8dff-4e07-a7f6-61581450f72f,196.9,desktop,0
e27fe4d3-2870-42c8-8e52-e09e62119709,229.7,desktop,0
81245695-2455-468b-895b-b27a6041b530,307.57,mobile,0
6a07cf22-5edb-4a21-9cf3-ea34547cd36d,465.79,mobile,0
cf0024f3-d502-4359-84a9-820a8d128cb5,99.44,desktop,0
4c8b7b66-0b8c-4d9b-9480-98e670b88488,241.13,desktop,0
ccc788b7-291b-47aa-8e71-a1c329563ed9,447.71,mobile,0
c852a8f4-d383-4fa3-8351-de6297d7d633,95.22,desktop,0
836425d3-372e-4c5a-bd9e-0dfb3ba345a4,454.02,desktop,0
84a226a1-95ad-4d1a-ae7d-53b669ed59f5,420.86,desktop,0
c4d93cf6-cf78-42f5-b6ac-d96fe2ea3c61,142.15,desktop,0
42e9760c-8904-4041-a73d-e3bc104bcf37,408.34,desktop,0
55db40f1-560a-4862-acfc-b248406de5fd,228.31,desktop,0
56f1968f-1ad4-4ae8-a0a2-8bb1c1667508,288.18,desktop,0
e4e87d3d-6a62-4045-8e44-5f2c64644a2c,290.05,desktop,0
ac2ddafa-2186-4b45-b742-0ba66464097d,249.33,desktop,0
9f8d4909-0247-45f0-9390-ac1d618f3ce6,221.16,desktop,0
51e76e34-b54c-4b93-ae18-612850ae900e,310.97,desktop,0
164fc3a8-6721-4b7e-8071-3fe2ffe4ab50,389.55,mobile,1
a4445333-70be-46b3-aa28-bc1839eccfa2,302.06,mobile,0
f2796e87-ad72-4282-ab9a-1f19be51a28b,153.91,desktop,0
66b2d8c7-eaa2-47fe-b741-5db86727085f,23.24,mobile,0
779f74b8-77c4-40d0-943d-02ac57030ea8,75.37,desktop,0
b56f6f30-bb58-409d-9f13-b1ab86120940,71.58,mobile,0
9594cf93-65c8-4666-874b-4275d9475d09,20.68,mobile,0
7e0ca554-75c6-40ed-8e12-ff6758c7a2e6,51.3,mobile,0
3fe59044-7bc2-4e70-931e-bcbe84e9b1ab,69.91,mobile,0
30dad9f1-4272-41ce-be5b-8980af2df81e,223.52,desktop,0
deed55f3-35dc-4d5c-9e0f-9ee31ce7be97,286.98,desktop,0
7cd92a0e-ffdf-4e2f-988c-b456cecf5d6f,468.39,mobile,0
c1402042-f594-4a77-8df9-fec6a542e54a,387.58,mobile,0
78fef5ea-e299-42fa-8a71-d4ce24d1b28c,176.79,mobile,0
c7bf6f2c-bed0-4adc-9b9c-a125fa4945b5,210.76,desktop,0
9dec4115-dbf9-4be0-9a59-6a2bf46c1e09,369.11,desktop,0
12f9073a-4c1a-41b8-b2aa-17773ce0f418,120.12,desktop,1
3696e283-ce77-46f3-a98a-4f25bca46465,130.82,desktop,0
4065f0d6-cf20-4b77-be08-dc72806eda65,72.32,desktop,0
d01d8e12-718b-45ee-a2f0-247bba1f3f60,455.46,mobile,0
5b379cc3-8669-44df-926b-d9f65ce7745e,464.36,desktop,0
c49c9e00-0f29-4fee-bd05-d49fa2041381,435.66,desktop,0
63826a50-da9b-4bfa-980f-90dc0f842b6e,451.17,mobile,0
87e24dc7-8f0a-498a-ad6a-5845d9bc9df6,374.29,mobile,0
610b4aa4-e6e8-4b32-8381-14338e01f089,304.05,desktop,0
eaca5733-1752-469f-8c3c-4b0a5f0123df,70.82,mobile,0
8cfcdedc-2ba3-4fd9-8d96-abf7835695c8,165.34,desktop,0
67f48811-c80d-4925-9d8a-e4e922f110f1,424.47,desktop,0
1ab0c376-5bbc-4db1-b575-a9a4cba64022,77.38,desktop,0
b522b021-faa5-4d57-8f23-7920c803e74e,207.44,desktop,0
04207a38-cd48-45c2-a247-d200d0f707bb,169.14,desktop,0
3fd50be2-ddbb-46d7-b81d-f273e13c6d93,123.54,mobile,0
27689482-6afc-40ae-b15f-fa6088b66465,10.34,desktop,0
495e5f71-d3e0-47b1-a11a-73c5d28d9f96,483.73,desktop,0
d0c7a870-1bf6-4448-85c7-d3dcf2294117,499.73,desktop,0
0d556a63-d7af-4ac7-9bde-9372b489077d,318.92,mobile,0
28e59fbf-0123-45bc-bbe5-be9e75951bed,267.17,mobile,0
aca91082-392a-4772-b9ab-aaa286cd6b35,325.45,mobile,0
3234c3c1-74a3-4e14-b251-ebd7f00205d2,246.94,desktop,0
8f40587a-592d-48b7-bb5b-af6d21411d7f,61.06,mobile,0
f9182759-fb0d-4328-8d0c-819164dfe4a8,301.3,desktop,0
a254f982-289d-4edf-8ab5-06a6b2a88b92,280.58,desktop,0
d7d35c7f-ac51-42db-a1d7-0832d0085074,100.65,mobile,0
4ed08666-0a11-4ce9-82b8-c315f56a048d,133.39,mobile,0
4cebb6d5-ab18-44fe-8249-64779b5ed2a6,372.63,mobile,0
9f4ef78e-a493-4be0-8d03-4286e021fd47,89.24,desktop,0
86c2d5db-a0b0-4c46-8124-b2860c2fed1b,304.56,desktop,0
158ac33a-7313-429a-ba1f-92c408694381,302.98,mobile,0
a25f0b2a-df66-46cd-8ac4-83239c17fc18,78.83,mobile,0
33c18b21-fc3d-41da-819b-7f8102b46a70,100.43,desktop,0
93ebf214-6202-47f2-8774-248bd47716cf,231.56,desktop,0
5b399e69-f1de-4348-82b3-6d2c9268b55c,497.03,mobile,0
17047be1-6ea7-4382-833b-fb8a1811b2df,342.88,desktop,0
f9d7c881-023a-40d6-8307-f891e0ffe6d4,465.12,mobile,0
67faf2d1-76d2-47a7-ab8b-6e2d32ef974a,236.66,mobile,0
cda20665-576b-40e5-855a-afcc7a58692c,306.92,mobile,0
ec3f4cf7-1dcd-4b17-9dc2-57dba3ea0a76,400.98,mobile,0
84791434-b8ab-45ec-bb1a-b2b7590e517d,34.24,desktop,0
5429af89-1510-4ab0-84cf-5125f5f0ffc2,229.44,desktop,0
2f012551-27d1-4b2b-9020-cb9265b9ca0e,459.43,desktop,0
74e880a3-007b-48e1-912d-b85b33708924,265.6,desktop,0
5d8da6aa-dfc7-4138-bf24-d8654a691701,293.61,mobile,0
fed4f13c-b371-422f-97fc-cefd7cf09f2c,88.71,desktop,0
03b5ff4f-429c-463b-bc98-7cfa1650b3e7,297.37,mobile,0
d3e5a683-bec1-4087-9750-263d54688c81,44.39,mobile,0
0f7a0617-02d3-43f1-9e7f-dacfcd14d10d,54.88,desktop,0
7ad6eb1b-6a68-4f2a-80e2-d3c00aea2226,481.29,desktop,0
11813352-e50b-49c6-bd13-8b517b61214d,205.8,desktop,0
751473f3-3336-4d27-88dd-dcbb4be1c1bf,261.05,desktop,0
23d90560-f331-4121-84af-2e80fad4747c,425.07,mobile,0
1cd2aa42-f5a5-4daa-afe5-1aeba3e17b34,354.68,mobile,0
6febc265-22f3-4e4d-94c7-acbcb82c2e41,283.23,mobile,0
dd2a7051-69b8-4e87-a9d8-765476859686,98.48,desktop,0
02464a7b-183d-4d0a-868a-ae4965188eed,422.44,desktop,0
a25da15b-7326-4d83-bc29-10c4c290a665,67.17,mobile,0
4fdb2154-d24f-41d4-a8ee-90e57133f98c,400.28,desktop,0
a5afe127-ae0d-4a2c-8d2e-756279d30df5,271.37,mobile,0
d3be0043-0934-41e8-90a6-9c434277a8a8,126.36,desktop,0
ad83a45f-55d6-4ead-a796-da69674f7a38,109.68,desktop,0
c982b5ba-f5e0-40fc-baa6-60ef81d168ec,143.35,mobile,0
db4b29c1-950c-4dbc-b62d-0e200e920db3,430.5,mobile,0
105ea604-8a97-4bfe-be7d-2460c16e6033,472.69,desktop,0
e8a85744-f222-4bfc-a938-67a769a469cc,422.94,desktop,0
33783c8a-8c83-4db9-9fd2-ab822f7b3325,394.03,mobile,0
036d82d2-baf7-41b8-906e-970cdcb1d214,384.44,mobile,0
3bfc402c-475b-48bf-954e-0cfb6223c471,382.6,mobile,0
cd73a607-0065-4be9-afe8-3e42ffdf59a8,189.93,mobile,0
3dac380e-c014-427e-b1f3-1134529e488a,275.08,mobile,0
8094b715-98f7-4b3e-9642-06b6d64f25ba,143.1,mobile,0
7c1bec1a-d207-46ca-b13e-551db504a680,394.1,mobile,0
528310f1-1591-4c57-a69e-7b894cd8482b,487.24,mobile,0
c89351f0-cd35-4cfb-93e0-a326aaedb0b6,387.67,mobile,0
0a54a8d6-d8c7-4d1e-8784-6e681b33e4d5,202.73,desktop,0
0a29ef1c-7b96-4921-ad09-97a7a8a41516,247.35,desktop,0
14a7a2a4-5114-4808-b260-b0b142169e56,68.26,mobile,0
0f0cdec6-2483-46f1-9212-ae7d8ff28646,385.42,desktop,0
7f9f80ad-12d0-4d45-ba56-5c26b688fef2,438.78,mobile,0
4d45f788-e4be-4d64-8b38-1a0e904c2802,144.68,desktop,0
3cc0ee15-cdff-4c04-8f53-202f604e56e6,169.35,desktop,0
f105769a-530b-4d26-9e84-16ed64e97a44,277.73,mobile,0
ae5b1198-1e1a-4741-8bd0-af0497ee63d4,469.2,desktop,0
1b6458c6-6f54-4c3c-9cb1-e2b232d84400,34.43,desktop,0
3c78bffc-2a42-4bdf-b4a6-b56ab8fe4ed3,62.36,mobile,0
98ea8e15-25ad-4347-a442-f38bf043f5f4,318.8,mobile,0
f00ac844-cbaf-4a9d-8e65-7258f211972d,454.93,mobile,0
24992916-8ca3-44be-9b84-0ebe3f954181,128.76,mobile,0
bff60b1e-3a13-482d-a863-4a2b7570c5b1,317.56,mobile,0
b5d7bb89-b97f-448d-b1fe-c1144d4b6336,209.06,desktop,1
909ce3a4-c4ea-4c71-8e93-1ba5dac5b750,365.09,mobile,0
e4088d58-0561-449c-8705-176950192261,496.2,desktop,0
23e9d283-32b5-4e05-839d-6091f051b714,22.48,desktop,0
afc3c8f1-c970-43f2-bdf4-1ac4290e1e53,364.82,desktop,0
94e53642-fbb0-4b6f-829c-fb50c584b1e8,403.31,mobile,0
581b5a0f-69a7-48aa-9167-bedf0b9026ef,223.97,mobile,0
12f2e506-27fc-4bd7-a4bb-a582f84a26c1,213.89,desktop,0
a2066652-f96c-4299-93e5-f4c6614ac8a8,310.04,mobile,1
f5d5458b-c99e-4049-b91e-343a16cbb6ac,458.04,mobile,0
5bdb91f9-c8e8-4642-af2d-08ed6a38b875,496.46,mobile,0
ad9e8087-d1ec-4766-81b7-702fe14e698c,402.76,desktop,0
43ca4b76-d772-4736-961c-9185ad4cd28c,414.42,desktop,0
4c2e0238-fd90-481d-9f3d-8c1a01250363,254.99,desktop,0
1911a122-774b-4241-a748-debc42e7aaff,291.79,mobile,0
e7fade20-0a0c-4122-949f-d13e3675c6e4,335.36,desktop,0
6812c28f-d1f2-4831-99f3-6c1f99c43b07,388.98,desktop,0
c3e25227-cfaa-45a7-a185-436f00377063,315.33,desktop,0
ed6cdb72-7cf8-4535-8720-6ececbee5ee1,346.23,desktop,0
4b667b08-c569-4d47-b83d-08fbc8b19be0,77.0,mobile,0
f93c1d71-0270-44cf-8af7-97d767fcca62,37.49,desktop,0
7e4b59e8-fbd2-4b26-9256-c19e9f92a512,371.69,mobile,0
cac30f03-9a6e-4d82-ac36-9906827ffcbb,111.46,desktop,0
6841260a-7d6a-4c61-84c4-62bc8d72b747,478.69,desktop,0
44c03544-f487-4629-928b-a338d6344f0b,203.53,mobile,0
0b6db47a-fc0a-49ea-994f-aed3dad95df7,237.21,desktop,0
b21d3bfb-6f54-43cd-9bb3-358e2969d1bc,250.92,mobile,0
6f51325e-1b61-437f-8a62-4b99f17ad078,17.7,desktop,0
60b26044-c387-478e-8475-458611d64ea6,432.52,mobile,0
8895170f-e7ed-4435-91e5-37cbc3c59ecd,442.69,mobile,0
842a24bf-d9a1-41ae-8aae-a0c67212a035,150.76,mobile,0
523034e6-8b6d-4b3b-a1fe-3398bf3d3922,186.87,mobile,0
e4799f75-d42c-4743-87a2-02bfdf76a678,382.91,desktop,0
83646f11-8958-4925-8d49-e2cd5c49973b,275.1,desktop,0
afb329e4-97b6-45f5-ae65-4f975ca53aba,255.87,mobile,0
10d007b8-c0b7-4cee-9ef9-74d2dd3a8f76,325.11,mobile,0
8c8c4448-4232-45bc-8622-4c8d12fb0e65,378.62,desktop,0
6a6582d3-8b8b-4c8d-ac22-768587b6f04a,280.68,mobile,0
eed1919a-97b8-42e7-90cc-dc51d03a08ba,453.89,mobile,0
8a4fb9c9-b37e-488f-ae0c-654009db9a23,177.08,desktop,0
a8e373d1-2172-4f89-9151-551f6e3d20bc,432.59,desktop,0
8822998a-ff5a-4fab-89c1-9d93592837bf,370.46,mobile,0
bbd392b8-b54d-49cb-8355-72fae87c846f,153.09,mobile,0
4d29cb71-6aaa-4976-bf11-cef097977532,20.52,desktop,0
1ac5e7d1-8fa3-493c-b5fe-a715f7bd8c4a,203.14,desktop,0
e3242fe2-7b31-400a-933d-4b30860fa864,456.61,mobile,0
7b2281db-0c95-48d7-b582-bc0307adb8aa,32.37,desktop,1
333ffc21-07e9-4ad6-8e15-6d3e2c619ead,446.88,mobile,0
e584cd42-e92f-4241-8851-3e0f54343a21,330.59,desktop,0
0d9ba4ac-38ce-4b35-9669-f5ec605c066d,225.96,mobile,0
251837f6-f42b-4295-a3ea-c873d40f3a73,448.04,mobile,0
c00768ef-e554-4a06-a7a5-02267899bc87,260.33,mobile,0
0ddfca6e-8e56-4e4b-9c7b-98337e81da9e,315.28,desktop,0
64ab97e1-16e2-4cf8-9ee2-860dd73c1445,230.49,desktop,0
b0a883e2-667d-442c-a2d6-426fba8278df,108.26,desktop,0
6241da9f-ee14-434e-9758-80caf0472114,380.74,mobile,0
f3ac55ce-2820-4309-9df0-27527627f642,361.8,mobile,0
a24e15d8-4d22-472a-842e-1b999fcfa2e4,287.97,desktop,0
c92e6432-8abf-4b46-bd90-f34f7bc43532,236.63,mobile,0
380ed224-b7f1-4dcb-97ef-38ea3e3f60de,247.22,desktop,0
795968cb-1a16-4f29-b9fe-a83bfc79ce5b,390.85,desktop,0
4765f5c5-25b8-43af-96f6-bb1a3d994d4a,328.95,mobile,0
e3601dc9-9c0d-44d2-a25c-b073bd47ee46,188.38,mobile,0
41af88f8-0da1-4589-b170-c962916678f7,31.86,desktop,0
5608f0e8-e6ca-47f6-b647-dcb6bba83958,269.39,mobile,0
0f1d1136-894b-4c43-aa13-bfd0a0806df8,208.26,mobile,0
2bf8c8ba-2afa-491a-a4fb-1d6ea58da534,84.63,mobile,0
03a08004-112f-47aa-9bb8-f64088b2c9bb,135.32,desktop,0
e4f60891-4faf-4041-8382-a63b59ac418a,119.06,mobile,0
00b28bcf-1125-4e03-b86f-b713db922d50,22.04,desktop,0
e6d1433c-021b-4fe6-9ba8-c3c864f83a84,342.93,desktop,0
9d3228f0-dce3-404f-9a0e-47f79f8a2623,151.67,desktop,0
977b6425-1653-4cdc-bfb4-f42169e7922f,59.23,mobile,0
587d0cf7-ece9-460b-bda6-3260085fe6dd,451.08,mobile,0
f2f86f6a-0935-4612-a1e3-ef507998602a,404.16,desktop,0
3945cfb2-1d48-414a-a13a-d1d497352a02,235.27,mobile,0
40d7ea0d-548d-4d04-ab8b-bfa53728023b,101.38,desktop,0
406229c9-65bf-4975-bc76-ce2808d6842a,260.32,desktop,0
81fd0418-4c60-4396-9672-f178336d54a4,356.83,desktop,0
295e14eb-495a-4b34-a0ce-1462c38363e3,208.16,mobile,0
8aff6b1d-a0f6-43ec-b02b-13ad186a7be4,334.02,mobile,0
d9a8e5f1-2d52-458c-af78-34d707c950b3,406.37,desktop,0
44d5e414-cb11-4b76-b0da-4b3a96a70561,80.11,mobile,0
6f695713-3a53-42c1-8d85-d22a51563a68,140.76,mobile,0
45bb2db0-81ac-40fa-b792-739c3e93a06e,371.37,desktop,0
6c57e4a3-1791-46cf-9104-299de2feb5d7,124.25,desktop,0
bfe5fb21-e4f3-49c2-a349-c8c94a373e12,199.3,desktop,0
dec4c20b-da94-40ff-8a75-79c57fee2ef7,261.4,mobile,0
56c63f1b-1365-44af-bce4-4ca70f084971,177.59,mobile,0
2e39943b-3aa2-418c-bc67-ee2d22ef8b4c,35.58,desktop,0
62fc1a97-f723-4f4b-abad-82ad9cdca924,182.35,desktop,0
c460c00b-b8a8-4827-add5-ae4ae75fec3a,278.56,desktop,0
9ef06b1f-5be4-4b1c-97bc-775a52f962cf,393.43,mobile,0
70508b9d-f1a7-457c-bb37-35a88ba02996,72.08,desktop,0
740c07f6-ab6f-4fff-a1d4-4b319add4710,499.22,desktop,0
86048890-2c50-43cf-96b0-10106c17b3c0,454.52,mobile,0
5191a799-d93e-4a39-bca7-349f33f9acdc,415.75,desktop,0
e1d2ece6-adfe-4b41-93e3-a3eed16f4959,433.66,mobile,0
65b34275-0159-4935-b1ec-23653668a903,153.32,desktop,0
b6f24408-ede7-45c2-852d-e3a38d35f300,302.86,desktop,0
6af965b6-8b61-4239-8515-558f57e2220c,190.72,mobile,0
e9a2443a-f3ca-4fcb-bf02-d9c1774fde52,237.49,mobile,0
7654356c-4c4a-4243-ad98-a98c569f4f39,34.96,desktop,0
2829c8e2-1aa3-40a5-868d-9ed109b608a9,335.37,mobile,0
ca702df6-40e0-4e59-8fb1-e79ffaf1e683,448.8,mobile,0
fa0e4ee6-0da8-45fc-aff2-6cc44bdfc330,83.73,mobile,0
7bb25d43-4a70-420a-8378-51bb2c5ab118,130.15,mobile,0
307d1f0e-ecd9-4d4e-89bc-0f0abac79efa,160.93,mobile,0
0a2df949-7636-4322-834e-826663f3287e,210.96,desktop,0
69f328b2-d1a5-47fc-8884-d6408a5c9afb,62.7,mobile,0
6849dd2c-7e6d-49f4-9306-5bec97e643d3,167.82,mobile,0
e91b40ba-9ed0-4f78-a49b-872cc75a5e0d,264.38,desktop,0
3a5ded51-0bd9-47a8-b1e8-97b6f2a61812,375.13,mobile,0
ad75cf6e-faad-477a-baa8-d0b943e7bc2a,344.47,mobile,0
f70c234e-f0c4-4697-bed2-d33407af89d1,174.58,desktop,0
eaa08f73-c88c-470d-9b9f-29d68265c94e,244.11,mobile,0
f7e054de-9e82-4c9e-bf6a-d3e635440243,192.18,desktop,0
ddc9407a-4bb4-4eab-89e2-5ee89a0c8bc8,53.49,mobile,0
97963c14-4d61-4146-9abc-6e91f1d4908e,315.36,mobile,0
83386cc5-1cee-4911-bd9f-c4175075adb9,70.76,desktop,0
e2918345-c085-41bd-bedb-1326b098549e,453.33,mobile,0
254c4f9e-f3c6-4b9f-873e-15bf4ff1dc4a,472.67,desktop,0
9ec5f0c6-ab43-409d-a546-4b826f0b64ea,220.9,mobile,0
6e34a7b3-ab5a-483d-a391-bb650a94e892,243.95,mobile,0
79725574-6ab5-4b90-8dd9-5bf4988f732b,65.32,mobile,0
9a811907-1305-4502-b2d8-ae0b6d024b86,212.9,mobile,0
dd30288a-8d4b-4eae-b28e-1e7b214938a6,22.12,mobile,0
37db5932-50ef-44ec-a5e9-f2bffa751e30,112.1,mobile,1
6971b0c1-38b8-43b6-bb97-8319291198da,471.81,mobile,0
18ef078c-f79f-421c-a115-8dfb14ca17eb,369.1,mobile,0
e47b37c0-8da6-4c48-984c-234f27f7f4cb,497.14,mobile,0
c06ebf69-0c60-4ab2-8091-2ac1cdd257a1,334.52,mobile,0
e44c887e-cc63-4a98-a708-d99f773c9fee,67.72,desktop,0
4dceb219-d351-4fa8-85d2-02d8f6419c9c,358.21,desktop,0
4c4fcd83-01e2-4a00-9c2f-9eaca1f470d5,361.48,mobile,0
fd4f6b06-deb0-4da6-88cb-160d4ab28894,225.16,desktop,0
25ddd4dd-ea0e-4384-99b3-1fba4abdc05a,264.5,desktop,0
dfd6a65d-6999-445c-b4d0-8deddd5c9daa,382.08,mobile,0
ec5b8659-9c18-4813-ae06-51f5fbae8c82,90.49,desktop,0
eb842dd3-5997-4065-b8bf-7fc4db44594a,212.05,desktop,0
d2399b41-971a-48ac-ba8e-b0ade320dfec,128.67,mobile,0
99f3d94b-6e7c-47e9-ba9b-df2923fde44a,317.92,mobile,0
0f6da9a4-800c-4cfe-b744-3151081405a2,480.82,desktop,0
d1c33b21-4d3f-4511-977a-ea4658d45533,487.74,desktop,0
ae785c85-2d69-4122-83e4-e8426d6dcc76,305.53,mobile,0
404064e6-7e7c-4f59-a113-a88a44ac9265,160.2,desktop,0
3644b9b8-2410-45d4-b09a-54ae82c9e5e6,89.89,desktop,0
8ce1cfa3-92b5-4f57-8e8d-47145177ac6f,166.54,desktop,0
59c76ad7-4903-47b7-aebe-58502696fd3c,85.0,mobile,0
3b3cd923-551e-4563-9a30-6acaabddaff3,245.46,mobile,0
d20b5c53-063a-4981-848a-deca64bd404c,375.19,mobile,0
d522d536-6c68-411e-9387-80a2db7d117a,163.47,mobile,0
4a6cfa64-6c15-4a8a-9502-94c49c4f4b22,476.75,desktop,0
aa293cf3-b96d-4605-8e99-cb22143a1b51,86.65,desktop,0
d4cbe49d-fd92-47ee-b7fd-3ec3597680a4,389.01,desktop,0
5796b1d3-4337-442c-9dc8-2d05c3199b01,294.35,desktop,0
6b1760c8-2684-466b-8539-235502a7097d,153.74,mobile,0
e3858cda-c1e7-4c70-b949-4d9f4dcefbf9,139.04,mobile,0
5f95c8fb-18ca-46cd-855b-e18d38278615,313.73,mobile,0
5abd1263-5119-488a-a5af-8427550b1213,362.12,mobile,0
8c3bbb35-1760-46f0-8152-7f0ee6cc1d14,343.04,desktop,0
f9d8083d-ba5e-4480-8d78-4f3ed437240c,490.9,mobile,0
9b998441-8481-4701-ac9b-4c11710d7af1,77.63,mobile,0
53aef05d-4b0f-4d31-bf19-730dabb69cde,115.54,mobile,0
29e473bd-5117-41b4-be92-c274c62bd930,194.8,mobile,0
2c04fed0-5d37-4839-9438-1b36565eb75c,104.64,mobile,0
272bc786-77ef-4d72-8652-1174905b0064,60.74,mobile,0
66ab5f5e-ca1c-4849-b49e-7786ea0dd50f,309.12,mobile,0
907cc9b1-87ca-4285-b699-dc9f26fdcd34,421.32,mobile,0
f4775d6d-0709-4314-b6a2-924370eef214,179.32,desktop,0
0f24c746-c794-4fe5-b4f6-97e51ee226d5,190.54,desktop,0
f0c086dc-b53c-45ad-96fa-ce8818aee1ae,213.64,desktop,0
2186a6c4-a6e4-45ae-8e79-949fea336d05,441.65,mobile,0
7625824f-fb7b-461e-9e61-83896864e76b,346.32,mobile,0
219f017a-a35f-478b-893d-ce85cdbefcb5,80.03,desktop,0
ab016aa3-809b-497f-9b6d-eac2ab0029cd,218.65,desktop,0
d91be74c-11eb-446e-9d9a-27a5fe9b93aa,256.66,desktop,0
4c753bb9-acf7-4a28-8fa0-341db5102b91,169.64,mobile,0
38461ff4-afc3-4f24-a1e0-fb934342a02c,206.68,mobile,1
6be5ec0d-32ab-4150-a202-ef900b82fdfc,344.87,desktop,0
e87e7fbe-a2c6-4efc-9434-ef2b619fd9e2,412.67,desktop,0
3c6a1ee6-8d5b-4e27-a18f-df635b737757,23.21,mobile,1
940f6a64-2b82-43f9-bda1-36a757c9667e,438.61,desktop,0
6c600a1c-b87d-40d5-940d-46a502a2abf9,208.52,desktop,0
95dc6df7-6987-4fd8-b37a-eb376530894d,185.28,desktop,0
48d287bc-8173-48d4-94a2-d29e72196c23,228.18,desktop,0
a6484692-ec5f-453a-9f89-17335e6c3f1a,411.82,desktop,0
b97f9e51-0e23-45e3-9895-38bd8450687b,300.43,mobile,0
4c28797f-2322-4c4f-aa5e-aa191b028d07,476.69,mobile,0
9cea8176-624b-4b52-9136-d1fde666a982,17.36,desktop,0
bd50f2a9-5b97-468b-9206-2bf1e42e7c69,305.75,mobile,0
0f21085d-a11e-4611-99fc-17ef64dd8d6f,346.58,mobile,0
ecb7c8cb-f5de-471e-8315-a457d0515fe9,463.56,desktop,0
28fe9398-cf85-42ee-b108-13b2f98ea57a,249.46,mobile,0
5a6388d2-f2dd-4188-b5ca-ddc57accfadb,168.9,desktop,0
00049ec3-d692-41c6-bea4-a3dd0de58be5,30.3,desktop,0
3d91a5fa-074f-4255-8d0c-36a09b57bf5b,118.06,mobile,0
c7e59e74-69fa-48f0-a33a-58dad7241cf6,71.78,desktop,0
8a2a9886-96b1-45bd-bee6-0d8359784f06,64.29,desktop,0
1c03d594-3997-44c7-a443-9c4ad0f98524,280.83,desktop,0
2836955a-c106-42e9-9551-c3605c678534,493.66,mobile,0
e348177c-4125-414e-9fba-0375759ad2ab,58.46,mobile,0
4863859f-d82f-49b4-8e48-822da1bd4d99,267.53,mobile,0
aaf11951-1785-4576-8bff-42b9267917c2,67.92,desktop,0
8ff6c4d9-dddc-4c74-9557-27634a6421aa,357.7,mobile,0
11cb8f87-d245-4e1b-9c1a-54bb976846d7,118.59,desktop,0
04f9814d-f086-4895-a573-de3e66c2e0bb,141.16,desktop,0
11488ce8-fbe3-43de-9df4-421b9cace9ad,265.51,desktop,0
b736e4f0-8cfc-46c4-a43b-dd2c7b9ee13b,32.74,desktop,0
ac21f6e1-9c6c-4d08-86fe-64904c614a4f,231.89,mobile,0
6d51b726-446f-4086-b025-1e4e58833200,185.5,desktop,0
2747d27a-e48a-484a-b575-843b9de3ee83,348.08,desktop,0
3cb5a1b2-5643-4c74-bc1d-a726f6e6eb10,467.44,mobile,0
d04699ba-357d-4c7e-88dd-9f4c5dd02ca6,167.59,mobile,1
d3be7f1b-6109-4e4c-8f85-4615bfe33ae0,313.92,desktop,0
8f16ad76-d571-4d91-835f-fdf3caa5ddf3,260.43,mobile,0
2d1187f5-c3bb-4f65-b991-177e50661e3e,412.01,desktop,0
e971ae16-9f2b-4db6-ae09-a0c3e0ea29f3,282.58,mobile,0
12cab09e-b67c-4d1c-8774-0662e4dad56d,134.02,desktop,0
3c810b03-d71f-4aa0-9479-780f63c19591,328.56,desktop,0
87d04aeb-4dd2-4df7-a1e9-59aacddbceee,475.18,mobile,0
48e74319-b34e-402f-b29b-ff568b3640b7,218.51,desktop,0
0542c060-8d5e-43ed-aad3-b51280567d4c,455.74,desktop,0
69eb8646-c77d-43ac-88f0-33053a50aaea,39.75,desktop,0
fc839b71-7c61-483a-b5bc-e3bd6e9b06aa,190.26,mobile,0
69e6890b-9578-4088-ac95-88be570c687e,305.85,mobile,0
6b876b2c-a3a2-4095-9911-4e6b4306b53b,264.33,desktop,0
32b23a82-f50a-4313-8d28-b3318e6cc4f9,399.25,mobile,0
bcd4ba59-7a1e-4d1f-8e9f-efe16223df58,308.1,mobile,0
be2c2996-bc1d-419f-9b31-5d4abb30e709,215.0,desktop,0
81d0ecc0-357c-4e73-8923-f02ef5b7cfa1,337.03,mobile,0
712591b5-bcfa-4b5b-9258-a98f3f6efb5c,18.97,mobile,0
2805c0c2-40dc-4148-b896-f2af7ec6a582,296.38,desktop,0
5f7655be-1884-4f83-bbc8-ca6b4c0c261a,276.81,mobile,0
eadc9643-5dda-4421-95a6-cdbb76186101,187.59,desktop,0
4dcf7a59-57c9-4300-b084-9cc4d58639ab,172.43,desktop,0
ce732af9-a4ef-46d7-8a56-66c75d63eb12,460.36,desktop,0
be0f3b25-a7fe-4153-8a46-9af96b05626a,217.63,mobile,0
58628a83-b328-4fe6-8f95-cecd86e46976,178.18,desktop,0
e939367a-bd81-4623-9dab-b0505d945b86,97.67,desktop,0
e9edb4ce-9c42-4dfb-bbbf-7c2d89cdafa0,20.72,desktop,0
f6720bff-e7a7-467b-a9b8-fbcbe6c795b6,251.03,desktop,0
6785bdaf-0b2c-492f-aac7-8fc68c6a2061,357.74,mobile,0
be3d9a30-b36e-4586-9761-0c5891a5c514,15.25,desktop,0
1b27c47c-2779-414c-ac6b-2583788244f7,10.99,mobile,0
c2e11623-10a4-498f-b757-b289c14fe00e,157.07,mobile,0
1787267c-8703-4bd1-9d22-9509f81ceb5d,21.11,desktop,0
4da50049-f70c-4c77-a07d-977e9a919e8b,267.25,mobile,0
4359f65d-1323-41cc-accf-e2d79b17234f,322.89,mobile,0
370eba80-c908-4f69-a19a-1bc5f21d6ce7,285.43,desktop,0
e6d3cdb7-3440-41c4-8114-7f91b664b782,22.41,desktop,0
72ee99ff-f757-4357-b2a3-013af7306fec,249.98,mobile,0
db3a5141-dfc1-4d8c-9265-be09bc084b2d,174.5,mobile,0
7f83b59a-19b4-423a-affa-38aea68f5702,231.83,desktop,0
7b544ba2-05ba-472f-b4a3-ee9e468b03b9,14.41,desktop,0
99bdf18f-926b-4205-b9b4-b5e16ce72d3e,291.25,desktop,0
eac7dc55-056d-4c4b-98a8-41f1d23ede79,216.16,desktop,0
9d32604e-f3ae-4d5c-8f77-2ca98cef5306,373.95,mobile,0
bdd57ee1-1944-41c3-89ac-ef8440b98009,101.23,mobile,0
a7f92334-efe0-4042-bc60-0fa893fff330,313.11,mobile,0
68cd456a-f783-4938-8068-72b4a2d46343,294.33,mobile,0
d9ae09e1-9bef-45e4-a9da-e2f799ad8e88,398.39,mobile,0
2d511aba-cfeb-4018-b928-410b15af1f24,276.44,desktop,0
e3a54eae-2bdb-474d-ad71-9d9d05b6a9fd,474.87,mobile,0
699ba08c-b01c-49dc-af84-25194349d4e7,375.47,desktop,0
73d5ab7e-8036-41d7-873b-10bf8fce50e8,118.37,desktop,0
8fd864fb-41e7-46c6-bb03-4e243afe2d46,31.79,desktop,0
385cd971-1d73-4b50-a99b-8bd47815268e,32.22,mobile,0
55db0176-0920-4980-b0ac-0725b30d6c0a,241.58,mobile,0
a7760fdb-e36b-489c-b1b4-c068102fffe3,466.73,mobile,1
c8868612-c07c-46fb-bbdb-7e4d76a11bda,356.86,desktop,0
2649a5c1-d3aa-4133-b516-105ca4dc871b,406.14,desktop,0
3e1a23c4-9fb5-444d-8468-34811c55992f,57.97,mobile,0
5d4e4c27-147a-4762-8ca5-ae487859f00d,285.55,mobile,0
9a64aa59-2683-481b-8271-b326649776b2,234.65,mobile,0
73ab81d7-0114-42ac-a1c9-6764959a7e28,146.25,mobile,0
a5fb8bf4-4654-454f-b5ff-aa9f503d1e1f,208.23,desktop,0
f8b67e8a-31d0-4004-aa77-5360eff26c14,368.18,desktop,0
997323de-a8e0-4d63-96d3-d067c1530344,418.07,mobile,0
06874f5b-47a8-460c-a7a4-c5af051b1760,147.84,mobile,0
ec6ceabd-f7c8-4c5a-a2ad-5a4f65e151c9,316.6,desktop,0
879df920-f23f-4b84-8e83-cca3d94241d5,390.8,desktop,0
ca8adb07-3805-4310-9be5-0d98bbf95d40,412.21,desktop,0
b526f3ad-6cc3-419f-aa9f-0a38bef6cb30,325.12,mobile,0
1d7508e8-cc05-4521-8158-accb0f741058,156.12,mobile,0
823c5a51-69d1-474a-9ab8-a34272dfb2e7,294.21,mobile,0
fb7c3e70-be79-4e25-8444-b0597385ed80,330.71,desktop,0
3b5f4649-9b09-414f-b799-27d606dfa2aa,466.71,mobile,0
c650cf68-b132-4046-87ee-6c17286e0f25,199.94,mobile,0
b743c9d4-0095-479a-9773-741d55c6912d,116.16,desktop,0
ef78d30c-9540-4932-80fb-a0a03583a9a3,202.73,mobile,0
fdcdc783-1bf6-4563-8e77-1806cc1e4c0a,143.06,desktop,0
f4c28944-12fc-4e89-8835-f1bc4da27ae6,319.83,desktop,0
eaf5f62b-8508-48f3-bcea-be0225addc5c,191.02,desktop,0
94301ece-c246-4e19-94f5-1f5b574d70c8,200.49,mobile,0
963553fc-4eec-4839-984b-6e3e9f3a12d3,399.29,desktop,0
42246640-88f1-4d66-b649-77ad73980012,463.47,mobile,0
d5acd37f-b064-45be-b51b-fc160723fa0d,285.15,mobile,0
ffc689c0-582c-4dde-9e09-f667ecbf3983,75.79,desktop,0
853a42e5-8a65-4076-b16e-c110cd6b48a8,160.7,mobile,0
f0b576dd-c645-4b63-a1e4-b0182dc5526c,37.64,mobile,0
9689971c-6d6a-4e14-8b2e-4bba7dac2d5c,11.53,desktop,1
0a410753-c5fb-45b1-91b2-7ba263b89bf6,342.84,desktop,0
054ec770-8fa1-42f8-b527-9625bb191b1c,440.3,mobile,0
834f7392-433a-4174-a940-4cdf39d7dd2b,405.88,mobile,0
fe01bb91-4e51-42a0-aa15-4e9306131a8a,415.1,mobile,0
c864a7d9-a52a-4b68-98d6-3ed9c9551602,126.28,desktop,1
4d060e70-d9bf-4fd3-8f67-530f5db04710,128.74,mobile,0
7cc241f0-448f-4dd8-b534-72c83424dc10,237.62,mobile,0
3a27f25d-79a5-4bd3-8c08-f0d19e22685a,393.92,mobile,0
eed378c5-98a8-480e-a79f-d9755c961da2,335.97,desktop,0
d703f22d-1d72-4db0-bfa9-839bbd8f0967,193.4,desktop,0
d58c5e19-37bd-4649-be73-266600e3fb30,475.65,desktop,0
6dcc7f09-6fe6-4e89-988b-503f01aa625e,177.88,mobile,0
fc3f8d89-bd18-4702-84b1-b06dae911534,227.46,mobile,0
d3672dcc-f025-4bb2-a7fb-990aec4fac13,321.29,desktop,0
d5c8430d-611a-4251-bfd7-0092361f7e1a,53.98,desktop,0
d0d0d647-c171-44e0-98dc-d76da9c67eef,277.16,desktop,0
3517b59a-c82b-4513-bb10-0bc27fcdfc60,136.09,desktop,0
286d7a56-f1d4-4709-868a-31397a49123f,272.47,mobile,0
943975d7-ffe3-4114-a0c4-d33255bea146,184.46,desktop,0
2bb02207-9a8d-42e1-84bf-6b075b01ee6d,156.21,mobile,0
a0fb9d01-8464-45fd-81de-7ce066a220a9,249.45,desktop,0
c3a43fae-48b7-4e13-a7a2-ebb03f61a765,73.13,desktop,0
fc0ef454-b7b6-4095-bc73-0f6b9764ddfe,238.72,mobile,0
eccfa92d-50e3-4949-be56-3dffeda0c21a,283.73,mobile,0
d56701a9-64bd-4cae-a224-9a867ece7793,94.82,mobile,0
367d4837-8e62-4694-8098-6233b5516df4,86.33,mobile,0
8e199f85-5696-42ad-a810-895f4e1ab55f,421.2,mobile,0
3348f1a4-fb53-4cf5-9105-cec89d64c48a,156.83,desktop,0
ae91f1bc-2c16-41bf-b052-6cc62d7958da,305.41,mobile,0
5ae34fb9-ef33-4ab4-9440-fc47567e8920,355.11,desktop,0
5090081e-aed6-4e8d-a5f3-c3d67dec40cc,321.51,desktop,0
4dc621e7-b36d-464a-b582-c470400ac158,105.34,desktop,0
02badc79-73ab-48b6-aaac-69b117408051,368.78,mobile,0
5645a235-7b8c-4d1b-9f53-0af25f6ecd80,274.2,desktop,0
cb3f5f32-f99f-4f44-924a-4112415265c8,171.06,mobile,0
8b8f8da0-dfec-43a3-a47c-f7064bd2eb90,452.4,desktop,0
dd1e6511-7551-4be0-9d50-8093b6a7c2c4,363.97,desktop,0
30c955b6-f02c-4965-9fde-904ac21d06fc,185.77,mobile,0
7841bc87-1775-4a30-a084-7c12162de3e9,247.32,desktop,0
93cb9ea2-1e84-42d0-ac89-840f17536a5b,107.91,mobile,0
21797101-fe0a-42dc-a0e2-ce19cf580a12,457.33,mobile,0
08026077-01bd-4c0e-882f-3d0c7f302dc8,116.74,desktop,0
0ba96b19-ce4c-4377-8669-c5940a6f716c,399.9,desktop,0
5a01e8ed-e113-41d7-a4a7-7cc334668b64,328.8,mobile,0
635eb771-93f4-4347-af9f-b5ef0869ed2a,61.91,mobile,0
100993b1-2150-4545-bdbf-fcefe331c49a,457.34,desktop,0
96db65f4-54c0-48fa-922c-af28aa361296,155.02,desktop,0
e26452d3-c67e-40f8-aff0-35c42187b828,51.94,mobile,0
2c3f5a13-5d26-447a-a1be-0fc86645207b,368.76,mobile,0
cfd57ee6-0a68-46b9-afc7-7fc89f1f9bd2,473.51,desktop,0
715d79fc-16aa-4314-b682-766169a51074,332.28,mobile,0
4189930b-8cd5-437a-b9d5-09e857416ae5,285.06,desktop,0
41385ba6-a685-46fa-89bf-92c9ea331b08,408.66,desktop,0
b7e9b65e-4fd5-4cc7-8e05-a585a55b8bd7,73.27,mobile,0
0704bb33-3dde-46b7-9cd1-61c66f64c5c1,164.05,mobile,0
f4881527-d7f5-4413-a921-94b033dd821b,173.54,mobile,0
ae8b3294-eae6-474d-9a1d-f49f91d0a553,149.89,desktop,0
257f49dc-c08f-401f-917c-a51bc70302e4,36.84,desktop,0
5d6294c0-939b-4d1e-b19a-4d7eb2d6f60b,90.73,desktop,0
a10ffa41-a42d-42f0-95fd-244964f0232d,80.87,mobile,0
854043c4-e209-406a-8100-ab67ccc3195e,270.95,mobile,0
07f85b6c-7801-4654-b128-497be1e2b6ee,417.59,desktop,0
05c4dc4a-a732-4d23-851a-7b8ea58ab325,312.59,desktop,0
fcebeaf8-7857-4328-bc40-476b5a822272,133.77,desktop,0
aeb19916-9de9-4117-8ba0-3f954bd4848c,205.28,desktop,0
e8f3aa65-88a2-444c-856d-8fcb294e6ff2,285.13,mobile,0
b5ea6a52-2c81-4b0b-bd4f-4504cf9d7bc6,81.69,mobile,0
11487da3-d265-41f6-8c2b-c07c9ff44133,25.4,mobile,0
462a597e-eebc-472f-8233-6f7b88f35e92,353.45,desktop,0
28306496-91e5-482f-9da3-f20a2fad0d38,419.89,mobile,0
515dea27-aa76-4cd9-8595-34928feaa64a,185.11,desktop,0
21dacb4c-c08f-49b0-90bf-fb4f47e98b7d,478.39,mobile,0
cf88bbc8-7c83-4b0c-b3a0-ad9c899c486b,192.22,mobile,0
9cb56405-1798-42a1-8157-713fe0bd02a8,257.21,mobile,0
44f988aa-bb55-4b9e-82e7-cc444e5af7e5,129.65,desktop,1
8c3b5406-ab4d-4fd3-8f5c-730ceb9ab154,406.52,desktop,0
1478a6e9-373a-4cf4-88c6-82ae6c9a3a14,243.72,mobile,0
923096fe-40a9-460b-a49e-103a72b204e7,457.57,desktop,0
ab427420-45c6-4d17-b458-1770db3a9f7f,360.91,desktop,0
c26032de-c98e-4944-997f-5c4cd87d9365,342.87,desktop,0
a217bedd-3bb5-4555-81a5-646660958798,264.62,mobile,0
d0533615-c5ff-4718-9b8e-200af95315ef,252.47,mobile,0
800e6631-eaa1-49ff-bf6e-e25245bb7991,70.17,desktop,0
5fa9e916-af8d-44e7-899e-d623cee35ca0,69.22,desktop,0
9580d82e-9830-4569-bb4b-512c05653b63,43.86,desktop,0
cd7c0b70-ab14-4b23-b6e2-8c7095dfba20,109.32,mobile,0
0f61f7ea-bc2c-46e2-bb20-eacf87c9a660,389.31,mobile,0
4cea28aa-74e3-48f3-96c6-34d85f9c5e08,26.58,desktop,0
2079bb7a-0020-4cad-a575-d7a7b19fa59e,403.34,desktop,0
73252837-8987-42a3-8e03-18258def0953,120.24,desktop,1
473d058f-3670-4a83-a6ef-81fc4933e48a,176.17,mobile,0
51d3d8b7-7d5e-4430-8d54-0a690ec31204,291.68,mobile,0
a8882eb7-a370-4d12-a359-9418aa13af40,251.97,desktop,0
2ab5aeff-141a-4903-98fb-9cebf6610d42,191.21,mobile,0
c72af522-0238-4310-bac7-3e6af576e648,205.23,mobile,0
eeb2295e-97a0-448e-9258-d8329a416331,38.87,desktop,0
8938433d-2060-41ef-b339-754d881f2251,257.31,mobile,0
f411e2e2-c622-4fc8-bead-ae5278f7e995,392.29,mobile,0
206da682-c40c-4f6e-bff0-5e1df8b4ba26,305.86,desktop,0
f21c84d7-df22-4cff-be6d-082ca06d56bb,263.97,mobile,0
095a18b1-eb6f-4038-bb1c-ce1cde11de47,52.41,desktop,0
a4d5e26f-608c-4615-b1e0-0351d50cd1f2,183.05,mobile,0
08208a23-9062-4567-8440-2f8347cc82c8,315.02,desktop,0
115c089a-d63b-4be4-9c1e-e498fc09d5b0,106.41,desktop,0
89cd3a89-5be5-4672-bbee-61bfcb5d7605,67.15,desktop,0
62c56a3a-9476-42ea-90c0-358b0311d52a,256.43,desktop,0
0ec76bf5-89b1-4d78-bb8f-dafe5c7c4f27,76.7,desktop,0
cd4f34e2-f4e5-4466-b78a-29fe256cca7b,160.3,desktop,0
07999aa1-976e-41c9-a217-3ee339d660fa,44.71,desktop,0
0a8be8d8-1879-4b4f-9ec2-232d4476957d,301.46,mobile,0
61965323-d10b-4594-b165-41e36f2dfae2,136.93,mobile,0
2b67b0af-394d-47a0-abf4-0e26c5eda533,107.49,desktop,0
1e69e9d3-1b47-431e-b423-9baf583b4a88,302.82,mobile,0
1091ba32-cd9a-4afc-81df-39970019de46,463.17,desktop,0
10d5c773-0488-4f04-8675-728468298399,165.77,mobile,0
23fc8e09-484f-4ece-a4b1-cc9bbae50ba1,356.31,mobile,0
108e5e05-1ad6-45c0-b710-6f4ed86358ce,58.09,mobile,0
46635054-d94c-4b6d-8d12-81b12b27bf87,472.18,desktop,0
88a1e522-a1e7-471e-9c63-4961b7dc73ba,271.76,mobile,0
dbce9ad4-acf9-4849-bf5a-aa1d508c7f5a,90.01,mobile,0
d62bea3f-1c0e-4007-aef6-2d56b3f700bd,231.2,desktop,0
fef0ea39-6379-4d1e-8bdb-b39db92e4226,282.45,desktop,0
6000d5d5-6801-4510-a218-83062ae70d67,25.9,mobile,0
ace8d24d-010f-40a1-a772-b51d31be117a,15.38,mobile,0
83be0257-8068-4a7b-a572-5e4194a58f8b,166.34,desktop,0
b2e9e9f4-bae7-41ed-aad5-50993d261a72,121.99,desktop,0
c137b379-4e68-4ee8-89a8-5aa5246c7f3d,125.1,desktop,0
61caa5b7-1765-4b13-8d79-8c6d4ff5b0fa,399.14,mobile,0
0515c227-de65-478a-a022-8586d0db660b,44.69,desktop,0
7632734a-92ea-4f4e-ac09-2e1aa013437b,477.8,mobile,0
800b9785-4198-428b-a8de-c39d9030d696,225.75,desktop,1
8d28a039-3f53-4fd3-ba93-a1d72063155b,123.43,mobile,0
acde8896-e072-4d55-9051-6679687e19a4,68.72,mobile,0
517ca40c-9add-4ebd-8210-4e8479f82c0b,372.89,mobile,0
b7bd2b95-1347-47f0-804d-46e6a2767cbb,453.25,mobile,0
bce45e1c-1e48-4188-a8b6-4047cefbae99,227.47,mobile,0
d9e00f8a-f429-4797-abaa-9305fa087428,243.57,desktop,0
635faea7-300f-4c29-9707-82ee040fc083,224.62,desktop,0
a87281cb-fec6-472a-b8cd-d344752560ae,49.44,mobile,0
b8961484-c27f-4e42-aa2e-32c379bc1d59,218.29,mobile,0
babfa05b-9ce9-4518-b552-5b040b032b69,99.93,desktop,0
c9ba376f-e357-411d-b0ad-d5c8d91605ea,465.2,desktop,0
891827b3-c6cc-4eab-81f8-f2541421367f,151.5,mobile,0
55959e2b-e2ee-4ac2-8a03-9d76deb6e643,403.83,desktop,1
2e1bdcb9-148f-4b13-b311-0fbe9366d07f,223.58,desktop,1
c3d54f9a-b00e-4a56-a12e-c8a1c7a0061f,450.64,mobile,0
901780d1-2576-4fd0-98be-06766d0db57e,483.97,desktop,0
0921c5b1-5a9f-4465-b74d-2f1d77a1547a,167.03,mobile,0
70843362-2cb9-4a8c-bf48-d6b81365b956,244.91,mobile,0
16920604-4a09-4426-8edb-0e70abef2b23,225.35,mobile,0
abeb8804-499f-4d11-bc3c-c827f90fe100,412.82,mobile,0
02303832-f4c1-4fd2-a851-8499b0f6b84e,331.26,desktop,0
a1db3c10-4eed-4611-bd06-3bc4ff4d72c5,70.53,mobile,0
758df64c-265d-41f1-918c-406a94f38793,345.03,mobile,0
f5a858f3-c06d-4685-8bd1-c00448f222fc,89.86,desktop,0
30957709-cceb-4c35-a3d7-40f662e919a3,478.49,desktop,0
0e76d17a-21cb-474a-9ab9-6377585f7fc7,381.19,mobile,0
1f858a36-4e1d-42b1-9c8b-914910bbbd0a,344.61,desktop,0
1c998d53-c8fa-4084-9e6a-c8b8a8a6dace,78.63,desktop,0
8bfe6fa6-8b83-49ca-b5d0-b4d8c21fb99f,322.75,mobile,0
3e987e4a-9a76-40b0-905e-c3ec095929f6,455.78,mobile,0
d7b03987-cdd0-4956-82ad-01fe8bb8d841,91.95,desktop,0
fc833471-b991-46c6-8b70-badff8feac4f,215.42,desktop,0
a5533bbe-5753-46fa-bb88-3ae27dd7ee41,272.66,desktop,0
ec98c7ab-d2aa-4ee3-951d-cf4337161859,473.01,desktop,0
aab51349-4389-4113-adfb-36535cf5c323,59.67,mobile,0
356dd068-ed8c-4d6d-a3cc-c9f1d39a3d4f,423.67,mobile,0
cb9b1de6-2bb3-4a5e-b1d3-8653dc3201b1,279.02,mobile,0
a5232b07-f236-4b71-985d-078f75034432,69.94,desktop,0
b5a30fa6-79da-4cbc-9931-049ec94b598f,477.38,desktop,0
ec2fad57-3f38-4727-a4f8-106f16782744,344.4,mobile,0
86c064e8-3cd1-418b-bf15-d6bd30f8be43,417.06,desktop,0
2164e999-962f-4f9b-af69-9582b370a268,218.95,mobile,0
f1d72e26-c4b1-426c-9913-058fabb174eb,428.18,desktop,0
2cd87524-074b-4c32-8aa9-24abe78d6b1e,33.97,mobile,0
084715a8-f18c-4295-a5c1-5cb693312ae8,421.94,mobile,0
e440cc4e-364e-46eb-a7d2-d9f1654aa712,338.23,mobile,0
4468fded-1ba2-4f3e-8305-d9132e9b5861,279.01,desktop,0
d5dec7d9-bc18-4ae8-adbb-d95b45371ddd,373.9,desktop,0
42433195-fe1d-4b94-9f61-f7791b6c79a7,200.31,mobile,0
dc2515fb-85ef-4e74-9469-57788e8e22ec,390.41,mobile,0
cfaf61fc-aca0-4344-884f-4ebd8bac84f5,443.46,desktop,0
e31dbe81-fc9f-44a8-b924-229981369245,183.83,mobile,0
a968419f-39e4-4e76-a771-45fe1caf57a9,287.59,desktop,0
ba2b3f28-5c2b-468a-9ab8-c9b9c3b4ab37,165.41,desktop,0
ae9a22c2-b571-47b7-9448-f9bdbdf25ed0,481.72,mobile,0
0fc9cd45-26ab-40b8-8192-88455ead3a2f,38.42,desktop,0
f15cf6dd-af15-4089-8838-71eb59363226,320.93,mobile,0
b6b0a2b3-7935-43dc-9b3b-41e7f599ef18,409.81,mobile,0
a0fc4584-6eed-4ac8-8d27-7eb54e33a6f2,375.63,mobile,0
6224691d-e9c3-44d4-a365-45cbb99532a5,120.84,mobile,0
e2032b51-5488-4439-9602-05c4a7cac102,266.11,desktop,0
21cd306d-8db6-4ee3-a0d5-c075dec8b2b2,396.67,desktop,0
5a613ca9-ce30-42f5-ba66-b733ba5f64af,442.26,mobile,0
46779a7d-6fad-4c59-9496-2bb9669e5d18,258.67,mobile,0
c1bc8bf2-f631-4f73-aa0f-79a906ba620f,11.65,mobile,0
7e922e0f-f4f2-4bbb-af22-c3739af76da5,210.27,mobile,0
9343260d-50ec-437d-942d-995973969cf6,251.14,desktop,0
96af68a2-d587-4d10-9d58-97ec427fffb2,475.9,desktop,0
71b4761b-743b-4e8d-a724-a391a3dcc5e1,21.73,desktop,0
8d16e901-f27e-4ccb-9d50-f270a6f18c07,425.11,mobile,0
db6539e3-9653-45b2-939e-6556d4d152c7,172.02,desktop,0
01e19368-78f7-44ba-80ab-75538ced1389,397.78,mobile,0
5b666e77-6477-486c-b1b0-bb92bb401595,101.12,mobile,0
16554350-2dab-411d-ad4f-a9811a7b4e43,330.17,desktop,0
1822a79e-cfb7-4bae-a9c5-b1028427663f,134.76,mobile,0
c337e81d-68db-46ca-a81e-d73526b79482,498.35,desktop,0
c7c9810a-5888-4861-8f9c-7d765264e876,343.22,mobile,0
ddf77e22-4a86-47eb-94cd-44bc6bc888e5,369.61,mobile,0
e67ff03c-63ab-4d17-9161-faeb5d2dd9cc,253.77,mobile,0
62980359-e051-42c2-ba8f-9f6c0788ea12,242.09,desktop,0
d8781e54-44f7-41e6-9dde-e89e095f13db,61.46,desktop,0
97579c97-7888-415c-b788-5c5e30ed9934,54.4,desktop,0
24882590-35a6-4a46-8101-3a66d3b9b5dc,299.95,mobile,0
3d5713b3-96a8-4db1-b16e-b591d7d2df13,470.56,mobile,0
f2b53902-9dee-448f-8b2d-7c05954ed223,493.32,desktop,0
40e08c1a-1373-4dcf-b8a5-3177da2bb375,255.78,desktop,0
9486a36d-5095-4949-9bee-44b56e594ffc,363.49,desktop,0
fbd45725-88ab-4955-83a8-597fae8a2f93,46.51,desktop,0
020186c8-fa36-4fbd-84b2-af19ef894e55,454.11,desktop,0
a4969360-d3c0-468e-8ebe-12f77647626f,331.02,desktop,0
ef396380-055d-41b6-844a-b1692d22f74d,421.42,desktop,0
4c09184c-2f4f-4cea-bc3e-1362e70c494c,434.19,mobile,0
be3f5bac-48f7-4fb6-a4ff-9c465b2c6bf2,126.95,mobile,0
3fb9c135-2321-4eb2-80df-8ec549a29f3d,402.77,mobile,0
282a4f0f-3f5d-4e55-ac83-2f770074abb4,283.06,desktop,0
30c7e268-5d3b-46b8-8bf7-375ce096ddcc,379.99,mobile,0
15b2565e-e5a1-4760-8b16-876c60824388,125.9,mobile,0
a5d2ee0a-9ff9-4b7a-9d09-12eb0ee8c778,79.78,desktop,0
4a700262-192e-4e1f-9d1d-6a7d9f85b4c5,214.39,mobile,0
e59642c1-8a23-4c58-bf7b-76fbebf7ea08,138.62,desktop,0
0fb851d3-1755-4043-8762-ebf165e4c69c,299.34,desktop,0
52c99617-5aa1-4863-9fe5-0d127bf8e3fe,481.43,mobile,0
c617af93-6b34-4a2a-b685-50c09202ad4b,281.15,desktop,0
61f24f98-74f0-47fa-a982-8405a062fd79,264.57,desktop,1
e2b61006-5238-43ca-bc0c-96be11559ae0,115.94,mobile,0
5ac1cee2-dfe4-49d0-88e1-07f7756d9b74,200.65,mobile,0
1119deae-249c-4a95-b6c1-f84c0d066a17,351.38,mobile,0
08d143b0-dc74-4a93-8d12-8a0a8e6251b2,98.34,mobile,0
455bd049-4cce-470b-a3d5-30b18e526c66,415.74,mobile,0
8933d6b4-2f44-4a7a-b96a-23ee96a466bd,418.29,desktop,0
9a4af077-bd59-4e6a-9457-38afc251e767,409.51,mobile,0
a287ad5b-5dc9-4dc6-b6c2-76a6ef2661ec,355.45,mobile,0
40e879a4-7c95-4d13-8bad-9c95b661f54d,137.68,desktop,0
6ee454d3-a9de-4506-8299-01b1b35b6987,452.32,desktop,0
16f4af69-a3c0-4559-9299-4c9f710642b3,300.24,desktop,0
5c49ee08-ca62-4503-80a8-1f16d834435b,173.38,desktop,0
70cd9268-1717-42f0-9320-3b563ac0223c,224.54,desktop,0
248420cc-a26a-4c41-b071-9e609b623432,181.99,mobile,0
1ed4900e-73f3-424b-8428-6bc6052f0921,420.59,mobile,0
a71152a2-0eeb-46b6-82ee-d8c41d76d713,439.22,mobile,0
0f78f5d4-d14d-4f03-8e14-bd049e26b30e,111.1,desktop,0
de0cef4f-49f3-40d1-9576-1699247e537d,114.23,mobile,0
35233ad7-6dd1-4cac-bcc6-bbdfa8787619,200.09,mobile,0
76fcb08b-0e73-424d-bfd9-26c609723bf7,189.87,mobile,0
d711a9ba-9318-44ae-93c1-54daf59c8e8f,449.84,mobile,0
036bdb79-3ef2-4179-816e-4e6918f6e0c8,127.08,desktop,0
074b437c-f002-4769-a2f0-873acd255cf0,363.94,mobile,0
f9afd700-9d0f-44ac-a99f-4f3e9ed8558e,427.51,mobile,0
c3829d4c-026c-44ad-ab97-129ec8794b68,337.33,mobile,0
48251cea-e869-4700-bd5a-93eba8d4c369,405.57,desktop,0
af0f4ce9-03d8-4aff-b6c2-f4b5f0dc0fb1,311.61,mobile,0
abae4b1d-9fda-4342-98ff-21bfd8308778,147.73,desktop,0
937ceeb7-3ca3-4d29-8979-2284d05ed62b,385.23,desktop,0
accc365d-e97e-46c4-aa54-7f169b5eeaf5,276.17,desktop,0
2c0c8819-30db-499d-8533-53a76a9ea96f,492.64,desktop,0
07c1e56d-54f8-4df7-9f5c-4a082c22f2af,82.45,desktop,0
a4a1b767-a5cc-4237-80a1-1ac7978667ca,105.61,desktop,0
1744bab7-6bf1-409b-871a-1773170608bb,186.93,desktop,0
2a7cd6ed-68e7-4cb9-b0a3-0b1b274279d5,376.67,desktop,0
0a33ebae-3f0c-461b-982e-7afe803fdfe5,479.76,desktop,0
d40795d3-e3fc-4ae2-a518-5a7365630789,177.78,desktop,0
e959348e-52b6-40d8-a518-16482f52a196,206.32,mobile,0
462b8ecf-da70-4b58-8692-0ba822a96bce,421.13,desktop,0
f1c271bd-65ae-4c22-8a0a-ccd40dc6370a,391.64,desktop,0
26f8fa29-345f-4e5d-a6aa-66aec9529cad,499.29,desktop,0
bb535e5c-f214-4d1e-9198-8fd489b66aa4,207.12,desktop,0
52a41ec3-d768-4154-9e54-df0b1aa3af85,374.97,mobile,0
1d441c14-0eb1-4d01-bcfc-791f8c5caeac,118.12,desktop,0
0b2c8223-458d-4e1f-8887-a8a06805684c,292.09,mobile,0
8f721d9d-5fcb-4bc4-bd7e-02eddfcbfc45,124.72,desktop,0
a7846592-732b-447f-9ecd-db6376ae3f4f,374.34,desktop,0
be157a2f-6d14-42da-a90f-09f8b0b3c895,241.39,desktop,0
4d6accac-e1a9-4991-a14c-cb09a2a24b19,448.58,desktop,0
2a2e0636-6c40-4113-85d7-ebb481dc8a99,73.71,mobile,0
244e12b3-9b28-4757-8bac-43dc2201eba5,151.71,desktop,0
3a8bf57f-f2bc-4652-aeeb-73d8a42fa52d,488.86,desktop,0
4da054d9-37e9-4e6e-8b7b-95cd43c4e2ad,106.05,desktop,0
9319fdbc-4ec0-4d54-98d4-a9472e4b51cd,229.81,desktop,0
387f710e-6d03-450c-8a8d-60ed5368d478,171.82,desktop,0
0e7ba4e5-938d-4548-9f2f-06fcdb0110d2,420.14,mobile,0
a833b96c-9681-4396-8a17-e287fe9c713e,30.1,desktop,0
6a7dc939-17af-4870-9aac-14a8ad8542a2,349.26,mobile,0
a9707170-4055-4a36-971b-037a9f0c5d12,264.48,desktop,0
11f13a4d-26ef-4378-8829-e135fc5f8cd9,387.97,desktop,0
4bee54d4-36a7-4c74-a0f4-e79d89186a65,387.28,mobile,0
c6c622b2-4693-4ac1-a46d-31fb617fe27a,281.97,desktop,0
908bc2e3-75e1-4e09-85ea-d17c93f97032,243.21,desktop,0
d22baa91-a4eb-4065-a711-cb74034cb1b5,375.6,mobile,0
a21ba380-dbb1-4278-a01a-77ce441cd86a,321.08,mobile,0
26e60ad3-989f-4caf-82e3-5cdf55696e19,79.48,desktop,0
4cb7b781-50da-4862-8afb-0eec0e59873d,278.76,mobile,0
0082b53f-33f5-440a-8765-4b3f02cda1af,411.18,desktop,0
98399585-f5cd-4bd5-824a-93a1f777ba06,369.59,desktop,1
a229ce8c-a8d5-430f-8384-dacca2f63316,395.74,mobile,1
4542865b-a3e2-4d8c-bbd0-6d3448708a4a,29.49,desktop,0
1af9a009-88f4-4979-8344-a114c0066959,238.03,mobile,0
05df76fb-f876-44a4-b4db-59cb7ccd194a,293.02,mobile,0
df59606a-7fc3-4f00-8e5b-9293e13695ce,154.58,desktop,0
0ab176cb-19a1-42f3-849e-b6395f27db00,189.07,mobile,0
cd1aee21-a6cb-48a1-9d82-26770b2a535c,260.02,mobile,0
938282a9-2d3a-47a5-a06a-aac5dc675fa1,150.52,mobile,0
c197964b-b764-445d-bf53-7c2037a9bb6c,84.95,mobile,0
9caf2921-0c71-4edd-a8a1-91f6dc4c579d,369.12,desktop,0
60e63fc4-8630-4b58-918b-5ad6e23f8018,494.73,desktop,0
1f785631-eb41-441e-8ebb-201de5f3acba,416.84,desktop,0
19cc4ef1-0178-494d-93ce-b293c5f3db73,419.38,desktop,0
ab989911-29a7-4a7f-87d3-197fc98e967d,277.7,desktop,0
77f1cc5b-3ed0-4976-824a-de4a749755a8,452.8,mobile,0
45f749c6-34f7-4d3e-b105-65ab673b2c4e,98.75,desktop,0
0bc6f415-17b4-45ca-895c-9d322b5b0b47,150.89,mobile,0
c966184c-c9a5-4af5-be96-cf863ca55835,455.9,mobile,1
9d96c8dc-2c4b-4f18-9244-4bbd4932a5ef,240.27,mobile,0
ec465c4a-7711-4b90-a562-700104d94d73,324.93,mobile,0
431cfd13-0176-4bbc-98dd-3ec4acbbf50d,452.35,desktop,0
a90a7faa-e6f3-4374-8ad4-513745694f4f,471.21,desktop,0
497689c9-96ce-47ef-9fe6-30044d5691c7,390.27,desktop,0
4353b116-9cd0-4df3-a12b-9b0d86051881,193.32,mobile,1
a9c90ef3-f1b5-4c5f-94da-6b6a20828039,442.67,mobile,0
1d5ad00c-4866-4128-8ade-5f62fa79f8b5,291.7,mobile,0
7dca7052-9b19-420a-94c0-2b4df34150d5,127.62,mobile,0
aa5dcb4e-69da-456e-811f-07f54c8b0e17,494.98,desktop,0
760aad68-cb32-4b3d-92fe-9649d9e2083e,84.61,desktop,0
2a8e01c6-ce38-48bd-8812-c2f49a5c2d4c,145.35,mobile,0
64f5f638-628a-421f-9eba-9d1e22bbf123,464.47,desktop,0
7b04c8a2-c0f4-4aba-9844-933c59cb550b,51.15,mobile,0
167898a6-8add-4aef-9c26-c37bd87ce066,201.2,mobile,0
fc9d44c7-85f7-46be-a53f-3d06d62552a5,436.77,desktop,1
c59b8857-1d6b-498a-8a18-837d9469dba2,107.66,desktop,0
3e265555-199a-476e-a99f-823f1fe5b2d3,310.32,mobile,0
e684c299-dc10-4dea-87b3-b59e777fe4ce,231.15,mobile,0
b364383e-6a7f-4ed9-aaaa-151c59a08b3e,211.18,desktop,0
70fb6fa4-f4fd-4c04-990c-9a9e00d71d52,91.9,desktop,0
e47d3ffc-aff0-40ad-b282-c7b240ce28e3,358.62,mobile,0
2ebfd6cf-f087-49df-8fca-97a749f99bf0,439.0,desktop,0
d5904ba6-7c19-4c61-84e2-5ba5f1e050f4,343.18,mobile,0
61fda35c-dadf-4125-a4ee-dc6cd3619c9f,96.83,desktop,0
19479f01-47de-4b24-aa2a-ea25d4a7353c,214.3,desktop,0
b334ec12-6792-430b-b5b1-5c1db04f1031,233.34,desktop,0
aab67fe3-20cc-4784-af34-3fe3fedad4a9,437.56,mobile,0
97b2efb2-5a4e-4506-b040-9423ece707cb,417.69,mobile,0
e7f59052-74b7-4edb-9c82-715c67fe0bd5,72.25,mobile,1
e1df73d2-4d47-456b-baa0-58bf4d24613d,241.46,desktop,0
21fa172d-fa55-4cf1-bd2b-ab45de8230a0,24.34,desktop,0
faddbcda-6c56-4b10-99bc-c566c61aa55d,437.16,mobile,0
80b7a214-c039-43e7-bc26-275781324699,280.9,desktop,0
35ea4c49-02b4-4ac0-9d84-0396f01cb514,168.76,mobile,1
45532126-7e12-47f3-a9f0-642ea09838d9,26.56,mobile,0
96e93d0d-c6fc-4dd2-aa4a-ca450db52c8a,294.45,mobile,0
62fd2e4a-4a45-4710-bc7a-1b113c7f9ecf,216.15,desktop,0
1530f0fc-f4b5-49cd-a0cf-c66eb3395214,350.09,desktop,0
3ad031b5-6a72-4c98-89dc-67ac3d8f997e,409.5,desktop,0
786720f6-6857-4576-abaf-c1a80bbeae7f,255.05,desktop,1
1b5c6c65-bc01-4dcb-bfd2-3351da2b710e,276.64,mobile,0
376c9392-fe74-4c37-aded-23e718536ea7,91.95,desktop,0
bfe5eac8-9cbc-4c82-ada3-44265dbd55f3,449.36,mobile,0
6f34a39d-f90d-4f52-9841-7729e510177d,52.24,mobile,0
f068ffe5-f764-441b-a2d3-00432eff151c,40.91,mobile,0
fc190599-eac3-40d8-99b6-05f0e01c0a4f,426.64,desktop,0
64761520-4cad-4fdc-bdd9-e9ec8807202f,183.91,desktop,0
33b3468a-f468-41aa-8b53-cfd82b536826,427.9,desktop,0
f32b3633-efdd-471d-bb62-d8f6d576e50e,28.0,mobile,0
47109c37-ee62-4ce6-bda9-7ca489391e9b,353.79,desktop,0
a6c876bd-9b2e-4c6f-b486-5ecd22774b13,468.92,mobile,0
af2e945d-9ec3-41e6-9115-a42c35a78121,97.87,mobile,0
d56017ee-3fd1-4d77-a46f-9b41a7a4956b,106.07,mobile,0
a2697649-5507-4198-b0c5-2dc4bad633f3,151.55,desktop,0
03526e4f-9a9e-48ad-a2a5-15f7de85cc39,21.99,mobile,0
19aae315-ffbe-4494-acbe-4c6fe712de91,32.3,desktop,0
cbbf4d40-a7de-41d6-a3fa-52f17887f7f1,214.6,mobile,0
c38bf355-055b-40e9-a1cd-799a154c62ba,364.56,mobile,0
53ba604f-1b1f-4d98-bfa8-2c4a5cd64564,475.47,desktop,0
9dbde029-0858-41db-983c-94f5d418415d,158.35,mobile,0
df395c2f-f173-42d1-8293-40b5ceed16d2,126.25,desktop,0
0a610a13-06d0-4b00-b8b0-6ee0948f74f0,84.95,desktop,0
ae80cdf8-c384-419f-8b32-769d3195456d,494.98,mobile,0
bda075df-0732-4244-8ad1-02ed0c775e53,70.83,desktop,0
184d25a6-d184-4a56-b7ee-1e7c494c9c33,143.55,mobile,0
52beeb85-3da7-43eb-b24f-4167ef8fa9e4,195.69,mobile,0
e2c5219a-ef79-44f6-afe9-63b871b6586b,410.28,desktop,0
6c162092-a6d6-4022-8fa4-d970df60895a,100.87,mobile,0
370ca46d-b4d3-4bed-ab9f-2af821244e2e,152.23,desktop,0
52b776b6-df12-490e-98b3-6eb64bc2b1b3,377.61,mobile,0
625b9b66-10f6-4c71-9558-151eb4436e9c,112.01,mobile,0
d4394586-08d4-4817-aa39-e743f5c2d957,425.75,mobile,0
23aad94a-c2db-4cc8-8707-5444a7f91d27,355.27,mobile,0
d29cafc6-c7ac-4802-94ef-e16fc6022f4b,343.34,mobile,0
feb8a6aa-0ba7-4eaa-951e-af7e54f9b658,76.98,mobile,0
02f0e4f1-a46c-46c8-b13b-e51bfa145138,122.21,desktop,0
f5efd343-5677-4201-97ea-585a272292e3,285.57,mobile,0
3f9c9590-f855-47c3-b93e-93af8f0cd0d3,377.13,desktop,0
eca7388e-d94d-4e10-9975-7537b28038a9,354.59,mobile,0
f8ad7463-d1ca-42bd-9e63-5ebb1226e9c3,236.5,desktop,0
d4e604d9-3a72-431b-8a76-8e9cf7019ad8,435.49,desktop,0
c18d45bd-46b1-4003-a398-b9d139a8f7b2,252.71,desktop,0
440756f0-248d-4ba8-85bc-f91bb1866976,280.93,desktop,0
b0355b7c-72f2-4888-a68f-d0db593bb6d6,499.84,mobile,0
fb13195f-67e1-4d6a-96fe-c78271d7360f,38.22,mobile,0
a6cc814d-85f8-45b7-a578-87f71f88017c,87.86,desktop,0
32d95fa3-42a3-4502-98b3-87faec1a0ee6,97.46,mobile,0
745b7d70-a0a3-4ce1-bb6f-255e1dc94be5,311.91,desktop,0
e24be534-e1a5-4cf2-baea-6e8bcd93adb1,322.41,mobile,0
c527968f-b2d8-4b9e-8cfb-6ef57a471d56,376.07,desktop,0
9877d6b7-a3ae-410f-8a37-4d149338e333,452.23,mobile,0
c8defceb-8c6e-4f1c-946c-255b112451be,334.13,mobile,0
8b2a92b4-cdbb-440f-ae38-5d3152577cbf,331.54,desktop,0
26260f10-661a-458b-883f-8d8340587f07,310.66,desktop,0
f3b2af4b-fa67-403c-91d4-1098889a0cf0,189.0,desktop,0
d3bb3129-767d-4aac-a722-2096c8138c1f,237.89,mobile,0
13762dc8-bceb-4ce1-9c39-4c64cc6f74b5,479.79,desktop,0
e313acda-7671-4019-8d50-6312eb1fb92a,453.23,mobile,0
dce895fc-0506-4a05-a776-4d2bc084a108,135.18,desktop,0
428ce206-9d87-4017-a0f2-e7b5d77a09bf,212.86,desktop,0
762d8c5c-3717-4b72-83d8-dd4572ed2c7c,293.01,mobile,0
39342547-4ba9-4726-ad58-a32e9bfb1013,467.01,mobile,0
efd2beaf-a159-4070-9120-f56035a41ce4,375.21,desktop,0
5044edcb-a40a-4c67-ba0d-e29887e61110,301.66,desktop,0
9335b13f-30f3-47fa-8993-5a9af54549ce,319.18,mobile,0
e87cee78-f126-4095-abb4-6434153a602e,360.1,mobile,0
324869e1-0db6-407c-80e6-a5ec00f4a2bc,14.49,mobile,0
1580c214-269a-410f-b1fe-a17630ebc034,448.84,mobile,0
d05269fb-3c90-49f0-908b-7618c3443373,459.54,desktop,0
5d34b7dd-d769-4f28-aa8f-142d7dfdac7c,360.28,mobile,0
3fedfe7e-baee-4894-a9da-0d683e3f8afc,289.03,desktop,0
bf8e9599-0974-456d-bf5a-a283cd54f852,279.18,desktop,0
e4bd78e4-7ab3-46ee-9ad0-4a380ee054b1,126.16,desktop,0
413d8a9d-a10b-4dc4-99d4-4dcf8b24cfd6,134.37,mobile,0
0d1baf0b-cc0f-4a4d-99de-5b9b8a3a4c46,92.88,desktop,0
edfd32bc-d647-462c-b055-930c7bc3c84d,85.12,mobile,0
b5cfb1a4-bc50-4f60-9fd0-e804d6714702,252.9,mobile,0
01391c06-6716-4c73-b4a6-732c72e29189,80.51,desktop,0
19f655af-046b-4908-aa51-75ae7cbcc7f1,245.41,desktop,0
d737d1e4-ebc5-414e-9b4a-8adb359dd587,336.57,desktop,0
6a39d948-3f44-4afe-bed3-30f679908174,305.25,mobile,0
127bde48-1728-430b-8168-2d56e9e23ac6,220.69,desktop,0
5272c713-9a98-470d-a102-c7adcb50f787,465.63,desktop,0
5b875e26-5204-42d7-96d7-6288b93c5e1f,253.78,mobile,0
ad035c4f-94af-4f0c-addb-dc7a9f572dcd,303.67,desktop,0
78ed4119-3573-44a1-b255-4508d90edad4,49.99,mobile,0
eebdd044-e21c-4e0a-83c5-36a3d81c2d8a,405.04,desktop,0
a004c0f7-0b2a-472b-9b53-b33910b64d73,46.05,desktop,1
23723d1e-b107-461e-ad0a-14ce72d62be1,109.42,mobile,0
52d79118-3711-4525-8409-d98e039c0c5b,92.95,mobile,1
9ca15034-dc49-4f53-9550-b145c2747003,296.21,mobile,0
61316a07-155b-479f-9fb2-1f89b40daf2b,254.26,desktop,0
d24bb791-0a81-47a7-b526-40994594b7d4,222.13,mobile,0
37ffe133-26cb-4bf6-8382-6a388bcf35e9,409.89,desktop,0
7154489b-3dc1-4b18-9fa7-4515ed8d342a,413.03,mobile,0
39c6a15f-ff84-4640-8ef0-8a44143307dc,15.59,desktop,0
8398c2eb-cdf9-4033-ba45-628d2fba6794,239.94,mobile,0
80ff804c-1f8b-4481-8366-35437097cc72,352.95,mobile,1
928ccc51-d4d4-4bae-937a-f782c650d143,245.55,mobile,0
fd4120b4-39a1-424b-86e4-5f90f9801aff,112.27,desktop,0
c711d8f6-0a73-4f2b-9b7f-6bf7b9c8bd7d,175.42,mobile,0
471e3434-619a-4923-9a94-864fed6250a7,102.87,mobile,0
b1f5819f-894a-4c16-8e54-51d10ddaa3d0,370.88,mobile,0
14cb04b0-efbf-4f89-b102-4da34238015a,328.13,desktop,0
f0898d7d-02b5-46e6-9063-8b2dd4009f63,199.68,desktop,0
ce082182-4861-4529-aab3-26bc39e682b2,19.77,desktop,0
867feaa0-322d-4981-9fe2-be7064f4ec99,292.1,desktop,0
890cccd7-b23e-47d2-b1a9-9de4435dfd14,48.08,desktop,0
c6d25810-428c-4a01-9732-da652dddf62e,406.42,desktop,0
a87a1280-2b39-4b38-88ce-98528ae8d27c,17.2,mobile,0
09fd5ce6-07a7-434b-bb04-ef47a33c03c6,59.41,desktop,0
bda1befa-028c-475e-ab57-4f91b0e896f2,419.16,desktop,0
07f15793-22be-4df5-abee-550910c2f11b,269.4,mobile,0
81504d37-031c-4ba0-92e7-8bf8d8338edd,402.85,mobile,0
98d5a40d-27a0-48f5-9fa4-d3223b6cd305,323.33,desktop,0
6082666a-012a-4c59-ac44-8f99af4f19b3,356.63,mobile,0
775aeac0-526b-4152-b03a-0d52825a7aba,439.93,mobile,0
04df68d9-b3a4-4ed4-8336-53ca0fd04efe,25.11,desktop,0
d0db4072-f88e-4294-9ec5-f250b15ad56f,261.65,mobile,0
90791d3e-1569-4d82-8c2c-ba4a20e142e7,483.4,desktop,0
27b21d3f-5135-4df6-b311-4d021af6af8c,41.91,mobile,0
2d66a5ec-f36e-4e60-8545-a60e61614a88,275.71,desktop,0
4ac0f23a-37ba-43ed-aaa9-43ae326401ea,173.01,desktop,0
b339031a-253f-43ac-a9bc-1f510e0e7161,130.08,mobile,0
7876131c-4a2d-441a-b4e9-4e1fde1aa89f,194.94,mobile,0
9dbdc541-4218-48d5-9a38-fdab142133c9,246.31,mobile,1
796ef3e7-e0e8-4458-912b-dfe1fa9d8118,240.22,desktop,0
4a3d0474-db2b-44c4-b583-5e1895197b00,263.43,mobile,0
aefa2bcb-25f3-45be-b55d-9ee4ed419dd3,244.31,mobile,0
5e2f0002-dba7-45be-b8eb-9e540d3f317a,236.2,desktop,0
e2975078-5959-4974-ac9f-a8c9134c1844,71.33,mobile,0
f6ceac52-c268-4c0f-b3b3-fb83ab9e6b36,346.94,desktop,0
39f73162-7f41-4e7d-b302-27f979a38c14,337.94,desktop,0
89c26123-832c-48c9-901b-488596e51cf0,142.97,mobile,0
3e93f540-2b7d-406d-b75f-9e8b100c185d,406.92,mobile,0
29d32fb5-de6f-4904-9279-38d1e54fd00e,167.75,mobile,0
01a8ef74-96fe-4f6e-a5ac-2675cb625a91,82.8,mobile,0
33a6ce58-7d43-4f6f-9975-3944238358c8,349.24,desktop,0
0904f7b8-fbd9-4bc1-b7c2-360bbdae0269,403.79,mobile,0
6a651aca-e669-4a0d-8c3b-7dec9890f6a2,349.43,desktop,0
99babae7-ef82-4b8f-a71d-86388e1b3d2c,436.91,mobile,0
f4131495-bac4-4c11-8712-521dd198eadb,449.85,mobile,0
160669bc-536f-40de-895a-39b04b8670eb,103.85,desktop,0
8b1ebf45-c104-4e4c-9a01-b9ce980cbdc1,80.3,mobile,0
c75122ba-fcb5-4acc-ac23-8fdbc28fa370,204.69,desktop,0
88556d29-672e-409b-bff7-2776f880c22e,45.21,desktop,0
3eb5119e-8363-4b55-bdb5-e2f745faf77c,445.32,mobile,0
3221a88a-fdfe-4015-b7f3-64ff593946d2,233.77,mobile,0
59e49081-1f41-4d8e-9477-8e6038f1e2bf,432.22,desktop,0
06e6031c-6e7a-44c4-88c8-8b43cc895949,149.21,mobile,0
27a31ddb-3905-437d-802d-0bb418247f78,85.96,desktop,0
a590975c-3b4f-4b86-a703-3f974ec0f9ae,29.71,mobile,0
3040eb87-7302-409d-9f09-c1aa6f1c91f8,257.59,desktop,0
1272efcc-dd93-46f8-803c-f47b91127f7f,132.42,mobile,0
1f199559-181a-4cfc-80ac-2403456397a6,429.21,mobile,0
4cab203e-2f5c-4592-b0aa-5889b04f6a2e,447.23,mobile,0
681f3191-d41e-4673-aed1-f632f6a65c92,272.56,mobile,0
fd0e05bb-3b02-4ddf-8d29-cfa8be2906a5,311.95,desktop,0
f34ca729-7dc8-4459-be48-1f082c09a086,384.99,desktop,0
d3a5a2ac-b8d6-4eb6-b077-abd80f788d46,28.54,desktop,0
a00e8b44-6935-42b9-90d8-a978e18ce03b,356.24,desktop,0
7f2c1b97-ea7d-4606-a556-522a001dd3bc,432.74,desktop,0
25b17131-9733-49db-8ce7-32fa8313c319,384.7,mobile,0
a002992a-fee2-4d7d-a9a0-307376f813b0,170.51,desktop,0
c0f19306-50a8-46cb-ae0d-6b625f76118d,116.96,desktop,0
2f3a3b4f-2283-4e74-b4ef-c4efd618c701,485.66,desktop,0
4eda3bd2-a5ca-4ae2-b415-68a1aab33d72,376.37,mobile,0
fd68fb53-64b5-4dff-a094-7965cf29ef71,103.26,mobile,0
3362a6d0-5f64-4a90-a393-abd1d91b4be6,215.86,desktop,0
5e7f3682-0db3-4eaa-9891-2d52a03e4f0e,265.6,mobile,1
84df2f4a-5a07-486f-b126-fde27e6d86bc,336.93,desktop,0
358abfea-d972-4e52-bfa1-17889463ba73,117.08,desktop,0
c253d445-9039-491a-b4e0-d832e1ed4d7d,411.84,mobile,0
a83f7a6d-b04a-471f-99a4-bbf78a731e3d,499.77,mobile,0
f2851e3c-e7b2-4212-8de4-592bb04dfb8d,86.08,mobile,0
3787adca-a17c-4e38-bd0c-361b521879d3,493.36,desktop,0
ff4d6acb-a448-48cb-b343-aa0e6d76d31d,31.01,mobile,0
b2264f94-e6e8-49ec-b9ed-aad37ef78254,333.02,desktop,0
db84c4b5-6d12-42dd-b8e1-b9bc4cc7674f,210.28,mobile,0
b68a0070-69f8-4f26-bf2c-f545dad5c3dd,300.62,mobile,0
92b3863f-aaad-4cac-8382-68d80f3d93bb,28.96,desktop,0
b9233b0a-544c-4a4e-9a3c-6edf87f6746b,13.89,desktop,0
24e81c0d-a71a-4af4-8d86-64a6069e6e23,170.43,mobile,1
245d98eb-c91d-42b9-8374-b5b403707f32,68.12,desktop,0
fc50b8f6-6ce0-4094-b871-ee77bc0e34fd,44.02,desktop,0
26bffb5c-27f2-490d-9a80-3d8737e22e86,208.21,mobile,0
e34c7f97-059e-4b16-9e47-51e077d078f7,79.37,mobile,0
01d11ac0-3b3c-4b1f-8551-1be7650fd842,56.93,mobile,0
